Workbook

Sheet Characters
A1: Kafka | B1: Prisoner | C1: Revelry | D1: 6 | E1: 6 | F1: 5 | G1: 4 | H1: 3 | I1: 3 | J1: =IF(D1<=2,1,IF(D1=3,0.25,0)) -> 0 | K1: =IF(E1<=2,1,IF(E1=3,0.25,0)) -> 0 | L1: =IF(F1<=2,1,IF(F1=3,0.25,0)) -> 0 | M1: =IF(G1<=2,1,IF(G1=3,0.25,0)) -> 0 | N1: =IF(H1<=2,1,IF(H1=3,0.25,0)) -> 0.25 | O1: =IF(I1<=2,1,IF(I1=3,0.25,0)) -> 0.25 | P1: =SUM(J1:M1) -> 0 | Q1: =SUM(N1:O1) -> 0.5
A2: Hysilens | B2: Prisoner | C2: Revelry | D2: 7 | E2: 7 | F2: 4 | G2: 3 | H2: 4 | I2: 5 | J2: =IF(D2<=2,1,IF(D2=3,0.25,0)) -> 0 | K2: =IF(E2<=2,1,IF(E2=3,0.25,0)) -> 0 | L2: =IF(F2<=2,1,IF(F2=3,0.25,0)) -> 0 | M2: =IF(G2<=2,1,IF(G2=3,0.25,0)) -> 0.25 | N2: =IF(H2<=2,1,IF(H2=3,0.25,0)) -> 0 | O2: =IF(I2<=2,1,IF(I2=3,0.25,0)) -> 0 | P2: =SUM(J2:M2) -> 0.25 | Q2: =SUM(N2:O2) -> 0
A3: Black Swan | B3: Prisoner | C3: Pan-Cosmic | D3: 6 | E3: 5 | F3: 3 | G3: 3 | H3: 4 | I3: 3 | J3: =IF(D3<=2,1,IF(D3=3,0.25,0)) -> 0 | K3: =IF(E3<=2,1,IF(E3=3,0.25,0)) -> 0 | L3: =IF(F3<=2,1,IF(F3=3,0.25,0)) -> 0.25 | M3: =IF(G3<=2,1,IF(G3=3,0.25,0)) -> 0.25 | N3: =IF(H3<=2,1,IF(H3=3,0.25,0)) -> 0 | O3: =IF(I3<=2,1,IF(I3=3,0.25,0)) -> 0.25 | P3: =SUM(J3:M3) -> 0.5 | Q3: =SUM(N3:O3) -> 0.25
A4: Hyacine | B4: Warrior | C4: Giant | D4: 7 | E4: 4 | F4: 4 | G4: 5 | H4: 6 | I4: 5 | J4: =IF(D4<=2,1,IF(D4=3,0.25,0)) -> 0 | K4: =IF(E4<=2,1,IF(E4=3,0.25,0)) -> 0 | L4: =IF(F4<=2,1,IF(F4=3,0.25,0)) -> 0 | M4: =IF(G4<=2,1,IF(G4=3,0.25,0)) -> 0 | N4: =IF(H4<=2,1,IF(H4=3,0.25,0)) -> 0 | O4: =IF(I4<=2,1,IF(I4=3,0.25,0)) -> 0 | P4: =SUM(J4:M4) -> 0 | Q4: =SUM(N4:O4) -> 0
A5: Phainon | B5: Wavestrider | C5: Arcadia | D5: 5 | E5: 5 | F5: 5 | G5: 3 | H5: 7 | I5: 5 | J5: =IF(D5<=2,1,IF(D5=3,0.25,0)) -> 0 | K5: =IF(E5<=2,1,IF(E5=3,0.25,0)) -> 0 | L5: =IF(F5<=2,1,IF(F5=3,0.25,0)) -> 0 | M5: =IF(G5<=2,1,IF(G5=3,0.25,0)) -> 0.25 | N5: =IF(H5<=2,1,IF(H5=3,0.25,0)) -> 0 | O5: =IF(I5<=2,1,IF(I5=3,0.25,0)) -> 0 | P5: =SUM(J5:M5) -> 0.25 | Q5: =SUM(N5:O5) -> 0
A6: Sunday | B6: Sacerdos | C6: Lushaka | D6: 5 | E6: 6 | F6: 5 | G6: 4 | H6: 4 | I6: 6 | J6: =IF(D6<=2,1,IF(D6=3,0.25,0)) -> 0 | K6: =IF(E6<=2,1,IF(E6=3,0.25,0)) -> 0 | L6: =IF(F6<=2,1,IF(F6=3,0.25,0)) -> 0 | M6: =IF(G6<=2,1,IF(G6=3,0.25,0)) -> 0 | N6: =IF(H6<=2,1,IF(H6=3,0.25,0)) -> 0 | O6: =IF(I6<=2,1,IF(I6=3,0.25,0)) -> 0 | P6: =SUM(J6:M6) -> 0 | Q6: =SUM(N6:O6) -> 0
A7: Dan Heng | B7: Self-Enshrouded | C7: Lushaka | D7: 5 | E7: 7 | F7: 3 | G7: 2 | H7: 2 | I7: 3 | J7: =IF(D7<=2,1,IF(D7=3,0.25,0)) -> 0 | K7: =IF(E7<=2,1,IF(E7=3,0.25,0)) -> 0 | L7: =IF(F7<=2,1,IF(F7=3,0.25,0)) -> 0.25 | M7: =IF(G7<=2,1,IF(G7=3,0.25,0)) -> 1 | N7: =IF(H7<=2,1,IF(H7=3,0.25,0)) -> 1 | O7: =IF(I7<=2,1,IF(I7=3,0.25,0)) -> 0.25 | P7: =SUM(J7:M7) -> 1.25 | Q7: =SUM(N7:O7) -> 1.25
A8: Cerydra | B8: Sacerdos | C8: Lushaka | D8: 6 | E8: 7 | F8: 3 | G8: 4 | H8: 3 | I8: 4 | J8: =IF(D8<=2,1,IF(D8=3,0.25,0)) -> 0 | K8: =IF(E8<=2,1,IF(E8=3,0.25,0)) -> 0 | L8: =IF(F8<=2,1,IF(F8=3,0.25,0)) -> 0.25 | M8: =IF(G8<=2,1,IF(G8=3,0.25,0)) -> 0 | N8: =IF(H8<=2,1,IF(H8=3,0.25,0)) -> 0.25 | O8: =IF(I8<=2,1,IF(I8=3,0.25,0)) -> 0 | P8: =SUM(J8:M8) -> 0.25 | Q8: =SUM(N8:O8) -> 0.25
A9: Fugue | B9: Iron | C9: Forge | D9: 4 | E9: 5 | F9: 4 | G9: 3 | H9: 6 | I9: 4 | J9: =IF(D9<=2,1,IF(D9=3,0.25,0)) -> 0 | K9: =IF(E9<=2,1,IF(E9=3,0.25,0)) -> 0 | L9: =IF(F9<=2,1,IF(F9=3,0.25,0)) -> 0 | M9: =IF(G9<=2,1,IF(G9=3,0.25,0)) -> 0.25 | N9: =IF(H9<=2,1,IF(H9=3,0.25,0)) -> 0 | O9: =IF(I9<=2,1,IF(I9=3,0.25,0)) -> 0 | P9: =SUM(J9:M9) -> 0.25 | Q9: =SUM(N9:O9) -> 0
A10: Lingsha | B10: Iron | C10: Forge | D10: 6 | E10: 6 | F10: 6 | G10: 3 | H10: 4 | I10: 4 | J10: =IF(D10<=2,1,IF(D10=3,0.25,0)) -> 0 | K10: =IF(E10<=2,1,IF(E10=3,0.25,0)) -> 0 | L10: =IF(F10<=2,1,IF(F10=3,0.25,0)) -> 0 | M10: =IF(G10<=2,1,IF(G10=3,0.25,0)) -> 0.25 | N10: =IF(H10<=2,1,IF(H10=3,0.25,0)) -> 0 | O10: =IF(I10<=2,1,IF(I10=3,0.25,0)) -> 0 | P10: =SUM(J10:M10) -> 0.25 | Q10: =SUM(N10:O10) -> 0
A11: Rappa | B11: Iron | C11: Talia | D11: 4 | E11: 7 | F11: 3 | G11: 5 | H11: 5 | I11: 3 | J11: =IF(D11<=2,1,IF(D11=3,0.25,0)) -> 0 | K11: =IF(E11<=2,1,IF(E11=3,0.25,0)) -> 0 | L11: =IF(F11<=2,1,IF(F11=3,0.25,0)) -> 0.25 | M11: =IF(G11<=2,1,IF(G11=3,0.25,0)) -> 0 | N11: =IF(H11<=2,1,IF(H11=3,0.25,0)) -> 0 | O11: =IF(I11<=2,1,IF(I11=3,0.25,0)) -> 0.25 | P11: =SUM(J11:M11) -> 0.25 | Q11: =SUM(N11:O11) -> 0.25
A12: Ruan Mei | B12: Watchmaker | C12: Sprightly | D12: 4 | E12: 4 | F12: 5 | G12: 2 | H12: 5 | I12: 4 | J12: =IF(D12<=2,1,IF(D12=3,0.25,0)) -> 0 | K12: =IF(E12<=2,1,IF(E12=3,0.25,0)) -> 0 | L12: =IF(F12<=2,1,IF(F12=3,0.25,0)) -> 0 | M12: =IF(G12<=2,1,IF(G12=3,0.25,0)) -> 1 | N12: =IF(H12<=2,1,IF(H12=3,0.25,0)) -> 0 | O12: =IF(I12<=2,1,IF(I12=3,0.25,0)) -> 0 | P12: =SUM(J12:M12) -> 1 | Q12: =SUM(N12:O12) -> 0
... A27: Robin | B27: Musketeer | C27: Sprightly | D27: 6 | E27: 4 | F27: 6 | G27: 6 | H27: 2 | I27: 5 | J27: =IF(D27<=2,1,IF(D27=3,0.25,0)) -> 0 | K27: =IF(E27<=2,1,IF(E27=3,0.25,0)) -> 0 | L27: =IF(F27<=2,1,IF(F27=3,0.25,0)) -> 0 | M27: =IF(G27<=2,1,IF(G27=3,0.25,0)) -> 0 | N27: =IF(H27<=2,1,IF(H27=3,0.25,0)) -> 1 | O27: =IF(I27<=2,1,IF(I27=3,0.25,0)) -> 0 | P27: =SUM(J27:M27) -> 0 | Q27: =SUM(N27:O27) -> 1

Sheet SetValues
A1: =IFERROR(__xludf.DUMMYFUNCTION("SORT(UNIQUE(FILTER({Characters!B:B;Characters!C:C},{Characters!B:B;Characters!C:C}<>"""")))"),"Amphoreus") -> Amphoreus | B1: =SUMIF(Characters!B:B,A1,Characters!P:P)+SUMIF(Characters!C:C,A1,Characters!Q:Q) -> 0
A2: =IFERROR(__xludf.DUMMYFUNCTION("""COMPUTED_VALUE"""),"Arcadia") -> Arcadia | B2: =SUMIF(Characters!B:B,A2,Characters!P:P)+SUMIF(Characters!C:C,A2,Characters!Q:Q) -> 0
A3: =IFERROR(__xludf.DUMMYFUNCTION("""COMPUTED_VALUE"""),"Ashblazing") -> Ashblazing | B3: =SUMIF(Characters!B:B,A3,Characters!P:P)+SUMIF(Characters!C:C,A3,Characters!Q:Q) -> 0
A4: =IFERROR(__xludf.DUMMYFUNCTION("""COMPUTED_VALUE"""),"Bone") -> Bone | B4: =SUMIF(Characters!B:B,A4,Characters!P:P)+SUMIF(Characters!C:C,A4,Characters!Q:Q) -> 0.25
A5: =IFERROR(__xludf.DUMMYFUNCTION("""COMPUTED_VALUE"""),"Broken") -> Broken | B5: =SUMIF(Characters!B:B,A5,Characters!P:P)+SUMIF(Characters!C:C,A5,Characters!Q:Q) -> 0.25
A6: =IFERROR(__xludf.DUMMYFUNCTION("""COMPUTED_VALUE"""),"Eagle") -> Eagle | B6: =SUMIF(Characters!B:B,A6,Characters!P:P)+SUMIF(Characters!C:C,A6,Characters!Q:Q) -> 0.5
A7: =IFERROR(__xludf.DUMMYFUNCTION("""COMPUTED_VALUE"""),"Fleet") -> Fleet | B7: =SUMIF(Characters!B:B,A7,Characters!P:P)+SUMIF(Characters!C:C,A7,Characters!Q:Q) -> 0.5
A8: =IFERROR(__xludf.DUMMYFUNCTION("""COMPUTED_VALUE"""),"Forge") -> Forge | B8: =SUMIF(Characters!B:B,A8,Characters!P:P)+SUMIF(Characters!C:C,A8,Characters!Q:Q) -> 0
A9: =IFERROR(__xludf.DUMMYFUNCTION("""COMPUTED_VALUE"""),"Genius") -> Genius | B9: =SUMIF(Characters!B:B,A9,Characters!P:P)+SUMIF(Characters!C:C,A9,Characters!Q:Q) -> 0.5
A10: =IFERROR(__xludf.DUMMYFUNCTION("""COMPUTED_VALUE"""),"Giant") -> Giant | B10: =SUMIF(Characters!B:B,A10,Characters!P:P)+SUMIF(Characters!C:C,A10,Characters!Q:Q) -> 0
A11: =IFERROR(__xludf.DUMMYFUNCTION("""COMPUTED_VALUE"""),"Hero") -> Hero | B11: =SUMIF(Characters!B:B,A11,Characters!P:P)+SUMIF(Characters!C:C,A11,Characters!Q:Q) -> 1
A12: =IFERROR(__xludf.DUMMYFUNCTION("""COMPUTED_VALUE"""),"Inert") -> Inert | B12: =SUMIF(Characters!B:B,A12,Characters!P:P)+SUMIF(Characters!C:C,A12,Characters!Q:Q) -> 0
A13: =IFERROR(__xludf.DUMMYFUNCTION("""COMPUTED_VALUE"""),"Iron") -> Iron | B13: =SUMIF(Characters!B:B,A13,Characters!P:P)+SUMIF(Characters!C:C,A13,Characters!Q:Q) -> 0.75
A14: =IFERROR(__xludf.DUMMYFUNCTION("""COMPUTED_VALUE"""),"Izumo") -> Izumo | B14: =SUMIF(Characters!B:B,A14,Characters!P:P)+SUMIF(Characters!C:C,A14,Characters!Q:Q) -> 0.5
A15: =IFERROR(__xludf.DUMMYFUNCTION("""COMPUTED_VALUE"""),"Knight") -> Knight | B15: =SUMIF(Characters!B:B,A15,Characters!P:P)+SUMIF(Characters!C:C,A15,Characters!Q:Q) -> 0.5
A16: =IFERROR(__xludf.DUMMYFUNCTION("""COMPUTED_VALUE"""),"Longevous") -> Longevous | B16: =SUMIF(Characters!B:B,A16,Characters!P:P)+SUMIF(Characters!C:C,A16,Characters!Q:Q) -> 0
A17: =IFERROR(__xludf.DUMMYFUNCTION("""COMPUTED_VALUE"""),"Lushaka") -> Lushaka | B17: =SUMIF(Characters!B:B,A17,Characters!P:P)+SUMIF(Characters!C:C,A17,Characters!Q:Q) -> 1.5
A18: =IFERROR(__xludf.DUMMYFUNCTION("""COMPUTED_VALUE"""),"Messenger") -> Messenger | B18: =SUMIF(Characters!B:B,A18,Characters!P:P)+SUMIF(Characters!C:C,A18,Characters!Q:Q) -> 0
A19: =IFERROR(__xludf.DUMMYFUNCTION("""COMPUTED_VALUE"""),"Musketeer") -> Musketeer | B19: =SUMIF(Characters!B:B,A19,Characters!P:P)+SUMIF(Characters!C:C,A19,Characters!Q:Q) -> 0
A20: =IFERROR(__xludf.DUMMYFUNCTION("""COMPUTED_VALUE"""),"Pan-Cosmic") -> Pan-Cosmic | B20: =SUMIF(Characters!B:B,A20,Characters!P:P)+SUMIF(Characters!C:C,A20,Characters!Q:Q) -> 0.25
A21: =IFERROR(__xludf.DUMMYFUNCTION("""COMPUTED_VALUE"""),"Passerby") -> Passerby | B21: =SUMIF(Characters!B:B,A21,Characters!P:P)+SUMIF(Characters!C:C,A21,Characters!Q:Q) -> 1
A22: =IFERROR(__xludf.DUMMYFUNCTION("""COMPUTED_VALUE"""),"Pioneer") -> Pioneer | B22: =SUMIF(Characters!B:B,A22,Characters!P:P)+SUMIF(Characters!C:C,A22,Characters!Q:Q) -> 0
A23: =IFERROR(__xludf.DUMMYFUNCTION("""COMPUTED_VALUE"""),"Poet") -> Poet | B23: =SUMIF(Characters!B:B,A23,Characters!P:P)+SUMIF(Characters!C:C,A23,Characters!Q:Q) -> 0.25
A24: =IFERROR(__xludf.DUMMYFUNCTION("""COMPUTED_VALUE"""),"Prisoner") -> Prisoner | B24: =SUMIF(Characters!B:B,A24,Characters!P:P)+SUMIF(Characters!C:C,A24,Characters!Q:Q) -> 0.75
A25: =IFERROR(__xludf.DUMMYFUNCTION("""COMPUTED_VALUE"""),"Revelry") -> Revelry | B25: =SUMIF(Characters!B:B,A25,Characters!P:P)+SUMIF(Characters!C:C,A25,Characters!Q:Q) -> 0.5
A26: =IFERROR(__xludf.DUMMYFUNCTION("""COMPUTED_VALUE"""),"Rutilant") -> Rutilant | B26: =SUMIF(Characters!B:B,A26,Characters!P:P)+SUMIF(Characters!C:C,A26,Characters!Q:Q) -> 0
A27: =IFERROR(__xludf.DUMMYFUNCTION("""COMPUTED_VALUE"""),"Sacerdos") -> Sacerdos | B27: =SUMIF(Characters!B:B,A27,Characters!P:P)+SUMIF(Characters!C:C,A27,Characters!Q:Q) -> 0.5
A28: =IFERROR(__xludf.DUMMYFUNCTION("""COMPUTED_VALUE"""),"Scholar") -> Scholar | B28: =SUMIF(Characters!B:B,A28,Characters!P:P)+SUMIF(Characters!C:C,A28,Characters!Q:Q) -> 0
A29: =IFERROR(__xludf.DUMMYFUNCTION("""COMPUTED_VALUE"""),"Self-Enshrouded") -> Self-Enshrouded | B29: =SUMIF(Characters!B:B,A29,Characters!P:P)+SUMIF(Characters!C:C,A29,Characters!Q:Q) -> 1.25
A30: =IFERROR(__xludf.DUMMYFUNCTION("""COMPUTED_VALUE"""),"Sprightly") -> Sprightly | B30: =SUMIF(Characters!B:B,A30,Characters!P:P)+SUMIF(Characters!C:C,A30,Characters!Q:Q) -> 1
A31: =IFERROR(__xludf.DUMMYFUNCTION("""COMPUTED_VALUE"""),"Talia") -> Talia | B31: =SUMIF(Characters!B:B,A31,Characters!P:P)+SUMIF(Characters!C:C,A31,Characters!Q:Q) -> 0.25
A32: =IFERROR(__xludf.DUMMYFUNCTION("""COMPUTED_VALUE"""),"Warrior") -> Warrior | B32: =SUMIF(Characters!B:B,A32,Characters!P:P)+SUMIF(Characters!C:C,A32,Characters!Q:Q) -> 0
A33: =IFERROR(__xludf.DUMMYFUNCTION("""COMPUTED_VALUE"""),"Watchmaker") -> Watchmaker | B33: =SUMIF(Characters!B:B,A33,Characters!P:P)+SUMIF(Characters!C:C,A33,Characters!Q:Q) -> 1
A34: =IFERROR(__xludf.DUMMYFUNCTION("""COMPUTED_VALUE"""),"Wavestrider") -> Wavestrider | B34: =SUMIF(Characters!B:B,A34,Characters!P:P)+SUMIF(Characters!C:C,A34,Characters!Q:Q) -> 0.25
A35: =IFERROR(__xludf.DUMMYFUNCTION("""COMPUTED_VALUE"""),"World-Remaking") -> World-Remaking

Sheet Domain
A1: Famished Worker | B1: Lushaka | C1: Wondrous | D1: =IF(B1="",,IFERROR(VLOOKUP(B1, SetValues!A:B, 2, FALSE), 0)) -> 1.5 | E1: =IF(C1="",,IFERROR(VLOOKUP(C1, SetValues!A:B, 2, FALSE), 0)) -> 0 | F1: =IF(A1="",,D1+E1) -> 1.5
A2: Path of Aria | B2: Hero | C2: Poet | D2: =IF(B2="",,IFERROR(VLOOKUP(B2, SetValues!A:B, 2, FALSE), 0)) -> 1 | E2: =IF(C2="",,IFERROR(VLOOKUP(C2, SetValues!A:B, 2, FALSE), 0)) -> 0.25 | F2: =IF(A2="",,D2+E2) -> 1.25
A3: Path of Hidden Salvation | B3: World-Remaking | C3: Self-Enshrouded | D3: =IF(B3="",,IFERROR(VLOOKUP(B3, SetValues!A:B, 2, FALSE), 0)) | E3: =IF(C3="",,IFERROR(VLOOKUP(C3, SetValues!A:B, 2, FALSE), 0)) -> 1.25 | F3: =IF(A3="",,D3+E3) -> 1.25
A4: Path of Drifting | B4: Passerby | C4: Musketeer | D4: =IF(B4="",,IFERROR(VLOOKUP(B4, SetValues!A:B, 2, FALSE), 0)) -> 1 | E4: =IF(C4="",,IFERROR(VLOOKUP(C4, SetValues!A:B, 2, FALSE), 0)) -> 0 | F4: =IF(A4="",,D4+E4) -> 1
A5: Path of Dreamdive | B5: Pioneer | C5: Watchmaker | D5: =IF(B5="",,IFERROR(VLOOKUP(B5, SetValues!A:B, 2, FALSE), 0)) -> 0 | E5: =IF(C5="",,IFERROR(VLOOKUP(C5, SetValues!A:B, 2, FALSE), 0)) -> 1 | F5: =IF(A5="",,D5+E5) -> 1
A6: Path of Cavalier | B6: Iron | C6: Wind-Soaring | D6: =IF(B6="",,IFERROR(VLOOKUP(B6, SetValues!A:B, 2, FALSE), 0)) -> 0.75 | E6: =IF(C6="",,IFERROR(VLOOKUP(C6, SetValues!A:B, 2, FALSE), 0)) -> 0 | F6: =IF(A6="",,D6+E6) -> 0.75
A7: Path of Darkness | B7: Ashblazing | C7: Prisoner | D7: =IF(B7="",,IFERROR(VLOOKUP(B7, SetValues!A:B, 2, FALSE), 0)) -> 0 | E7: =IF(C7="",,IFERROR(VLOOKUP(C7, SetValues!A:B, 2, FALSE), 0)) -> 0.75 | F7: =IF(A7="",,D7+E7) -> 0.75
A8: Path of Gelid Wind | B8: Hunter | C8: Eagle | D8: =IF(B8="",,IFERROR(VLOOKUP(B8, SetValues!A:B, 2, FALSE), 0)) -> 0 | E8: =IF(C8="",,IFERROR(VLOOKUP(C8, SetValues!A:B, 2, FALSE), 0)) -> 0.5 | F8: =IF(A8="",,D8+E8) -> 0.5
A9: Path of Holy Hymn | B9: Knight | C9: Band | D9: =IF(B9="",,IFERROR(VLOOKUP(B9, SetValues!A:B, 2, FALSE), 0)) -> 0.5 | E9: =IF(C9="",,IFERROR(VLOOKUP(C9, SetValues!A:B, 2, FALSE), 0)) -> 0 | F9: =IF(A9="",,D9+E9) -> 0.5
A10: Path of Uncertainty | B10: Scholar | C10: Sacerdos | D10: =IF(B10="",,IFERROR(VLOOKUP(B10, SetValues!A:B, 2, FALSE), 0)) -> 0 | E10: =IF(C10="",,IFERROR(VLOOKUP(C10, SetValues!A:B, 2, FALSE), 0)) -> 0.5 | F10: =IF(A10="",,D10+E10) -> 0.5
A11: Untoppled Walls | B11: Space | C11: Fleet | D11: =IF(B11="",,IFERROR(VLOOKUP(B11, SetValues!A:B, 2, FALSE), 0)) -> 0 | E11: =IF(C11="",,IFERROR(VLOOKUP(C11, SetValues!A:B, 2, FALSE), 0)) -> 0.5 | F11: =IF(A11="",,D11+E11) -> 0.5
A12: To Sweet Dreams | B12: Sigonia | C12: Izumo | D12: =IF(B12="",,IFERROR(VLOOKUP(B12, SetValues!A:B, 2, FALSE), 0)) -> 0 | E12: =IF(C12="",,IFERROR(VLOOKUP(C12, SetValues!A:B, 2, FALSE), 0)) -> 0.5 | F12: =IF(A12="",,D12+E12) -> 0.5
... A27: Within the West Wind | B27: Amphoreus | C27: Tengoku@Livestream | D27: =IF(B27="",,IFERROR(VLOOKUP(B27, SetValues!A:B, 2, FALSE), 0)) -> 0 | E27: =IF(C27="",,IFERROR(VLOOKUP(C27, SetValues!A:B, 2, FALSE), 0)) -> 0 | F27: =IF(A27="",,D27+E27) -> 0
